cell,year,cwb,latitude,longitude
6820,2025,-375.0,45.34365747036505,4.73519264267032
6902,2025,-279.5,45.273869875398375,4.63020578091911
6903,2025,-325.2,45.2717244849389,4.73208370223141
6904,2025,382.3,45.269485400274526,4.83395318953218
6905,2025,360.3,45.26715276720648,4.935814378985302
6906,2025,390.0,45.26472712582525,5.037667256722817
6907,2025,326.90000000000003,45.2622084133467,5.139511276886805
6983,2025,-80.6,45.20398550912852,4.525481950393365
6984,2025,-298.4,45.20193573114173,4.627236258597573
6985,2025,-338.4,45.199793112491726,4.728982592577448
6986,2025,376.2,45.1975570784954,4.83072065239383
6987,2025,343.0,45.19522745137287,4.932450312902943
6988,2025,332.6,45.19280475954712,5.034171427397513
6989,2025,386.2,45.19028923491065,5.135883465448172
7063,2025,-220.20000000000002,45.13400436528583,4.421021540543557
7064,2025,-79.79999999999998,45.132050230273975,4.522651616632015
7065,2025,-303.8,45.13000304053418,4.624274325108623
7066,2025,-297.8,45.12786298350132,4.725889251923348
7067,2025,379.5,45.12562979320632,4.827496091820165
7068,2025,321.5,45.12330328498238,4.929094622048322
7069,2025,343.6,45.12088381228622,5.030684452995217
7070,2025,346.7,45.11837162037777,5.13226491795511
7141,2025,-58.09999999999999,45.06206781961143,4.41832956409625
7142,2025,-266.0,45.06011627845555,4.519828472320025
7143,2025,-311.5,45.05807165340683,4.62131997220269
7144,2025,-366.4,45.05593410425728,4.722803710142145
7145,2025,-391.8,45.0537036642504,4.824279484723705
7146,2025,440.2,45.05138034139535,4.925747211790077
7147,2025,409.8,45.0489642992354,5.027206249280153
7148,2025,443.1,45.04645558332495,5.128655622094175
7149,2025,420.2,45.04385408551435,5.230095279267623
7150,2025,425.7,45.0411596557227,5.331525607100352
7151,2025,309.2,45.03837219964933,5.432946406682308
7219,2025,-92.69999999999999,44.99198874548137,4.314269292640822
7220,2025,-71.6,44.99013255389195,4.415644341210175
7221,2025,-316.5,44.98818358116237,4.517012517819985
7222,2025,-338.5,44.9861416079762,4.61837324510186
7223,2025,-310.7,44.98400669576858,4.719726137218792
7224,2025,-352.8,44.98177905384423,4.821071065085717
7225,2025,396.7,44.97945889156315,4.922408130538052
7226,2025,457.7,44.9770462993902,5.0237366412785525
7227,2025,402.1,44.97454111738082,5.12505543937788
7228,2025,370.9,44.97194312458175,5.226364677624285
7229,2025,279.3,44.96925220202443,5.327664818005528
7230,2025,253.7,44.96646838163155,5.42895527513975
7299,2025,43.30000000000001,44.9218141325268,4.210470261856195
7300,2025,-72.49999999999999,44.920052698470776,4.311721459011098
7301,2025,-134.9,44.9181987993457,4.412966056843213
7302,2025,-132.00000000000003,44.91625242239952,4.514203856022665
7303,2025,-304.8,44.914213201552926,4.61543421062976
7304,2025,-342.6,44.9120810774888,4.71665667001121
7305,2025,-374.3,44.90985632959725,4.81787111814909
7306,2025,387.8,44.9075392757647,4.919077685329762
7307,2025,398.1,44.905130007657775,5.020275817763783
7308,2025,374.3,44.90262829237587,5.1214644854617
7309,2025,277.9,44.90003383845023,5.222643751995642
7310,2025,185.29999999999998,44.89734651992922,5.323813878274605
7311,2025,192.0,44.89456639921387,5.424974229046147
7381,2025,19.19999999999998,44.85154426945535,4.106931665138345
7382,2025,56.999999999999986,44.8498776937165,4.20805933520106
7383,2025,-89.29999999999997,44.84811847313542,4.309180376751308
7384,2025,-60.3,44.84626694385197,4.410294868148028
7385,2025,-132.0,44.84432314648705,4.51140259899132
7386,2025,-213.3,44.8422866915976,4.61250291145281
7387,2025,-395.8,44.84015744683525,4.713595324747435
7388,2025,-411.8,44.83793567398777,4.814679728713003
7389,2025,400.1,44.835621696494975,4.915756155234548
7390,2025,389.9,44.8332156186698,5.016824179424755
7391,2025,378.2,44.8307172518118,5.1178830486141225
7392,2025,357.6,44.82812632734267,5.21893259857179
7393,2025,312.9,44.8254426810992,5.319972833430045
7394,2025,201.7,44.8226663095569,5.421003292634235
7463,2025,17.10000000000001,44.78117929925803,4.003653330304537
7464,2025,23.9,44.7796075306828,4.1046572318569226
7465,2025,20.0,44.77794315100088,4.205654889249263
7466,2025,-7.600000000000023,44.77618630116045,4.306646100862565
7467,2025,-26.09999999999999,44.77433724512027,4.407630819055843
7468,2025,-131.5,44.772396008098674,4.508608775110665
7469,2025,-193.5,44.77036227761665,4.6095793414374
7470,2025,-391.40000000000003,44.76823593196545,4.710542053018503
7471,2025,463.4,44.76601718097312,4.811496810454497
7472,2025,461.9,44.76370627166695,4.912443530706055
7473,2025,452.6,44.7613032924718,5.013381839886512
7474,2025,415.20000000000005,44.75880816247805,5.114311175506552
7475,2025,374.7,44.7562207177841,5.215231172193575
7476,2025,377.8,44.75354076072748,5.316141682612672
7477,2025,321.8,44.75076817530748,5.417042485298173
7478,2025,124.4,44.74790307262373,5.517933183464788
7479,2025,96.9,44.7449457071135,5.618813288742502
7546,2025,-20.200000000000003,44.71072009152005,3.900635663629672
7547,2025,68.3,44.70924267949185,4.001515086855083
7548,2025,15.499999999999993,44.70767289833675,4.10238897018941
7549,2025,347.70000000000005,44.70601072848893,4.203256871099833
7550,2025,293.4,44.70425627453065,4.304118517943302
7551,2025,249.49999999999997,44.70240971391002,4.404973732538933
7552,2025,-141.3,44.700471034270926,4.5058221926490925
7553,2025,-271.1,44.69844000726612,4.606663320493353
7554,2025,-389.4,44.69631656439245,4.707496675267407
7555,2025,494.2,44.69410086819105,4.80832213850726
7556,2025,488.2,44.691793060936426,4.90913956800576
7557,2025,443.3,44.68939317761605,5.009948600659738
7558,2025,391.5,44.6869012230206,5.110748689845543
7559,2025,391.8,44.6843171594096,5.211539356148823
7560,2025,322.3,44.68164081389025,5.312320432096955
7561,2025,313.0,44.67887201832482,5.413091853879632
7562,2025,298.6,44.67601082408628,5.513853369808848
7563,2025,208.99999999999997,44.67305743156918,5.614604524050635
7564,2025,189.29999999999998,44.670012070994126,5.715344671058115
7628,2025,-229.29999999999998,44.63878393100382,3.898633010687562
7629,2025,24.400000000000006,44.63730832773238,3.999382594675805
7630,2025,586.2,44.63574055652965,4.100126770917227
7631,2025,349.5,44.63408057920338,4.2008651968801
7632,2025,-56.3,44.6323284734259,4.301597525986685
7633,2025,-80.69999999999999,44.6304843602012,4.402323468468148
7634,2025,-248.9,44.6285482154913,4.503042683776222
7635,2025,-253.20000000000002,44.62651989776238,4.603754688272788
7636,2025,-406.6,44.62439939142107,4.704459057128015
7637,2025,396.9,44.622186797279525,4.805155586592172
7638,2025,363.6,44.61988214773205,4.905844077243468
7639,2025,386.90000000000003,44.61748540706718,5.006524178576242
7640,2025,382.90000000000003,44.61499661172598,5.1071953365840725
7641,2025,282.1,44.6124158256431,5.207857016354232
7642,2025,317.2,44.60974297133127,5.308509043044085
7643,2025,281.5,44.60697793268543,5.409151406997865
7644,2025,290.5,44.60412071307015,5.50978395501306
7645,2025,219.3,44.6011713800556,5.610406350446548
7711,2025,386.9,44.5653764017222,3.99725556867984
7712,2025,360.3,44.563810695647874,4.09787050297447
7713,2025,13.700000000000017,44.56215286914748,4.19847981405116
7714,2025,-64.79999999999998,44.56040301715765,4.299083089835338
7715,2025,-207.1,44.5585612561978,4.39968001035966
7716,2025,-182.79999999999998,44.55662760777605,4.500270269776545
7717,2025,-232.29999999999998,44.55460202344015,4.600853466371053
7718,2025,-375.5,44.5524845047394,4.701429180125283
7719,2025,346.8,44.55027507024655,4.80199710546378
7720,2025,359.9,44.54797364985705,4.90255697261877
7721,2025,432.1,44.54558012808023,5.003108424157928
7722,2025,407.90000000000003,44.54309450657802,5.103650940024037
7723,2025,342.2,44.5405169085683,5.20418401490664
7724,2025,300.0,44.53784742374465,5.30470742582896
7725,2025,241.1,44.53508608030675,5.405221106279478
7726,2025,260.3,44.53223286202032,5.505724935071085
7727,2025,211.5,44.5292876791833,5.606218705684135
7793,2025,323.79999999999995,44.4934470280217,3.995133681088813
7794,2025,285.8,44.491883440522926,4.095619953745955
7795,2025,-62.400000000000006,44.49022774711775,4.196100599229328
7796,2025,-82.69999999999999,44.48848007496277,4.2965751584561325
7797,2025,-252.8,44.486640579383774,4.397043364039457
7798,2025,-252.10000000000002,44.48470939246793,4.497505003842425
7799,2025,-282.59999999999997,44.48268655622005,4.59795972184346
7800,2025,402.7,44.48057204549802,4.698407074668375
7801,2025,428.4,44.47836579991985,4.79884667542017
7802,2025,409.1,44.47606766518658,4.899278194379288
7803,2025,394.5,44.4736774266835,4.99970127177195
7804,2025,364.3,44.4711950058525,5.100115460922187
7805,2025,330.8,44.46862055040835,5.20052032584886
7806,2025,245.5,44.46595433331562,5.300915572675312
7807,2025,312.0,44.4631965935573,5.40130100142529
7875,2025,215.4,44.42152029662738,3.9930168329423874
7876,2025,-59.199999999999996,44.41995884571613,4.09337498293556
7877,2025,-97.69999999999999,44.41830531562162,4.19372742610513
7878,2025,-268.5,44.41655981939715,4.294073673100687
7879,2025,-284.7,44.41472256036808,4.394413523002665
7880,2025,-248.0,44.4127938224219,4.49474689369395
7881,2025,-430.6,44.41077372656473,4.595073474554168
7882,2025,356.0,44.40866219496305,4.695392765925368
7883,2025,390.3,44.4064591069657,4.7957043103877375
7884,2025,331.2,44.40416424011902,4.896007753131725
7885,2025,-305.79999999999995,44.40177727716433,4.996302765580685
7886,2025,322.9,44.399298084521625,5.0965889755027325
7887,2025,337.20000000000005,44.39672682971005,5.196866001699627
7888,2025,296.0,44.394063878116725,5.29713350217895
7889,2025,283.20000000000005,44.391309655713776,5.39739113716026
7958,2025,122.9,44.349596286696375,3.990904990955655
7959,2025,-105.1,44.348036991358,4.091135489648147
7960,2025,-60.09999999999999,44.34638568694288,4.191360195293887
7961,2025,-229.1,44.344642412862775,4.291578589104698
7962,2025,-329.6,44.34280739411457,4.391790492753295
7963,2025,-363.09999999999997,44.34088109284382,4.491995949872955
7964,2025,-380.5,44.33886371740623,4.592194722328043
7965,2025,339.2,44.33675511689633,4.692386249342388
7966,2025,351.4,44.33455511583045,4.792570014646555
7967,2025,323.1,44.3322634337376,4.8927456658164825
7968,2025,-316.9,44.32987967857313,4.992912923938852
7969,2025,353.1,44.32740373623162,5.093071491425688
7970,2025,334.3,44.32483582049875,5.193221037679575
7971,2025,284.8,44.32217625185047,5.293361186813778
7972,2025,266.5,44.31942549889253,5.39349146526013
7973,2025,252.2,44.31658383320848,5.493611431149535
7974,2025,243.39999999999998,44.31365091509088,5.593721005482823
8043,2025,113.30000000000001,44.277674987923,3.988798331249368
8044,2025,38.099999999999994,44.27611787739075,4.08890145685287
8045,2025,71.10000000000001,44.2744688996902,4.188998819267095
8046,2025,-293.9,44.27272798351702,4.289089852420857
8047,2025,-320.4,44.27089529949535,4.389174283264428
8048,2025,-312.20000000000005,44.26897146314548,4.48925220419083
8049,2025,-254.6,44.266956806997,4.58932347830966
8050,2025,-266.5,44.26485110298778,4.689387536093965
8051,2025,-250.9,44.26265406268122,4.789443814448967
8052,2025,345.7,44.2603653418548,4.889491957628443
8053,2025,-241.3,44.25798459571895,4.989531755396155
8054,2025,-231.1,44.25551189311268,5.089563002258385
8055,2025,373.1,44.25294758159408,5.189585429621703
8056,2025,319.6,44.25029173179942,5.2895986321939
8057,2025,233.0,44.24754444728075,5.38960197517444
8058,2025,216.0,44.24470622069435,5.48959486875041
8059,2025,233.6,44.24177701006757,5.589577296522415
8134,2025,53.89999999999999,44.20575646790977,3.986697051193675
8135,2025,6.800000000000011,44.20420152449995,4.086672952645758
8136,2025,-13.400000000000006,44.2025548986221,4.18664323506078
8137,2025,-336.7,44.20081643829465,4.286607297763427
8138,2025,-343.4,44.19898623099975,4.386564713298445
8139,2025,-321.1,44.1970649647403,4.48651551031386
8140,2025,-254.7,44.1950531090555,4.58645962398982
8141,2025,-295.5,44.19295036112732,4.686396549817197
8142,2025,-279.70000000000005,44.1907561993194,4.786325691389522
8143,2025,-212.4,44.1884701926594,4.886246636075527
8144,2025,-239.5,44.186092192974776,4.986159251057623
8145,2025,-297.29999999999995,44.18362255397083,5.086063510983095
8146,2025,-231.7,44.18106179754105,5.185959225790775
8147,2025,-77.69999999999999,44.1784098315972,5.28584587243287
8148,2025,-263.2,44.1756662623826,5.385722584501883
8149,2025,194.39999999999998,44.17283157532385,5.4855886551108375
8150,2025,152.1,44.1699060537991,5.58544419413938
8219,2025,-72.79999999999998,44.14124064098785,3.38540801293717
8222,2025,220.20000000000002,44.13795079941548,3.685024288923688
8223,2025,-22.300000000000004,44.13667221040455,3.784888145632045
8224,2025,-71.60000000000001,44.1353023048365,3.88474715150519
8225,2025,21.399999999999984,44.13384091502135,3.984601143161365
8226,2025,-31.299999999999983,44.13228805082705,4.08444999268986
8227,2025,-0.19999999999998863,44.1306436997729,4.18429339742641
8228,2025,-343.6,44.12890769162845,4.284130769597152
8229,2025,-307.6,44.127080078793725,4.383961567994367
8230,2025,-297.9,44.12516151884185,4.48378566549156
8231,2025,-237.89999999999998,44.12315256875245,4.583602990721557
8232,2025,-248.7,44.12105286823788,4.68341315641141
8233,2025,-254.7,44.118861587844926,4.78321556298304
8234,2025,-235.2,44.1165781852552,4.883009667975608
8235,2025,-254.1,44.1142027964424,4.982795380638268
8236,2025,-221.10000000000002,44.11173604994715,5.08257301279667
8237,2025,-169.29999999999998,44.10917854511465,5.182342452068058
8238,2025,-190.0,44.10653029597895,5.2821028323928525
8239,2025,-97.30000000000001,44.10379072449332,5.3818530377030624
8240,2025,-43.69999999999999,44.10095994760052,5.48159244362219
8310,2025,-135.3,44.06931801609245,3.3840786842243173
8311,2025,17.599999999999994,44.068314124896624,3.483827338467605
8312,2025,-85.39999999999999,44.06721900540808,3.583572592111715
8313,2025,177.2,44.06603313384922,3.6833141559023024
8314,2025,216.39999999999998,44.06475631909962,3.783051349832808
8315,2025,26.299999999999997,44.06338813643335,3.882783600384165
8316,2025,11.90000000000002,44.0619285247261,3.982510679903785
8317,2025,3.299999999999983,44.0603776375577,4.082232649057603
8318,2025,16.099999999999994,44.05873553341435,4.181949404469425
8319,2025,-64.19999999999999,44.0570020275783,4.281660355350603
8320,2025,-62.099999999999994,44.05517710037625,4.381364842272357
8321,2025,-297.9,44.05326129853648,4.48106257967528
8322,2025,-454.9,44.05125521293707,4.580753449535092
8323,2025,-277.4,44.0491585160974,4.680437218654458
8324,2025,-248.2,44.04697013579185,4.780113343210792
8325,2025,-355.4,44.04468934219925,4.879781040961753
8326,2025,-272.6,44.04231658992413,4.979440140651048
8327,2025,-235.70000000000002,44.0398528049506,5.07909150550521
8328,2025,-242.10000000000002,44.03729846669582,5.178735107518783
8329,2025,-316.7,44.0346537370058,5.278369399264795
8330,2025,-156.29999999999998,44.03191817363625,5.377993119996645
8331,2025,-48.5,44.0290914517294,5.477606065079092
8403,2025,306.2,43.9963961932355,3.4823742670968825
8404,2025,151.79999999999998,43.995302908461824,3.5819931023642924
8405,2025,47.0,43.99411890409313,3.6816084555534174
8406,2025,135.9,43.99284386902315,3.781219493396628
8407,2025,1.8999999999999844,43.991477394590426,3.880825339937875
8408,2025,-38.29999999999998,43.9900195154231,3.980425778984977
8409,2025,26.0,43.98847057570465,4.080021139335238
8410,2025,-46.099999999999994,43.986830749825,4.179611507619945
8411,2025,5.599999999999994,43.985099814188,4.279196259418955
8412,2025,-39.69999999999999,43.98327761596275,4.37877462387867
8413,2025,-418.6,43.98136452624315,4.478346234523295
8414,2025,-386.0,43.97936100989445,4.577910900573867
8415,2025,-300.6,43.97726688690793,4.677468507681395
8416,2025,-242.5,43.97508129430128,4.777018743212517
8417,2025,-324.9,43.972803417142224,4.876560635614492
8418,2025,-293.09999999999997,43.97043372234378,4.97609363551807
8419,2025,-333.1,43.96797325529393,5.07561891508144
8420,2025,-421.6,43.965422294864325,5.175136636723765
8421,2025,-362.5,43.96278093394987,5.2746449302459
8422,2025,-345.4,43.9600490162616,5.374142554701122
8423,2025,-316.79999999999995,43.957226156836825,5.473629527581985
8493,2025,302.5,43.92548254211788,3.38142840555975
8494,2025,291.6,43.92448162919045,3.48092446656159
8495,2025,211.30000000000004,43.92339014541185,3.58041740578118
8496,2025,-380.9,43.92220804082768,3.679907061764288
8497,2025,-228.39999999999998,43.92093484176163,3.779392375546095
8498,2025,-182.7,43.91957012317928,3.878872222066892
8499,2025,-235.7,43.9181140323493,3.97834644932742
8500,2025,-79.5,43.916567087566825,4.077815596679855
8501,2025,-65.69999999999999,43.9149295506302,4.177279838248262
8502,2025,-83.39999999999998,43.913201173355326,4.276738559445673
8503,2025,-417.3,43.91138167046535,4.376190962065038
8504,2025,-386.5,43.909471205848526,4.475636663614075
8505,2025,-262.2,43.907469993536125,4.57507541034445
8506,2025,-278.8,43.9053780389193,4.674507097522243
8507,2025,-288.8,43.90319508587535,4.773931680472183
8508,2025,-348.9,43.900920448612126,4.873348197308808
8509,2025,-365.7,43.89855425638692,4.972755683814272
8510,2025,-313.1,43.89609740043687,5.072155098708115
8511,2025,-331.90000000000003,43.89355005233588,5.171546775909735
8512,2025,-296.3,43.890912041372175,5.270929234572472
8513,2025,-301.4,43.888183412420325,5.370301374165198
8514,2025,-301.1,43.88536411076,5.469663006399503
8515,2025,-284.6,43.8824538838031,5.56901448172831
8583,2025,-107.0,43.85447916011562,3.280734343259065
8584,2025,-51.800000000000004,43.85357021504575,3.380107960858675
8585,2025,-117.1,43.85257062529815,3.4794781287116376
8586,2025,146.1,43.85148082038855,3.5788455685077576
8587,2025,-394.7,43.85030056887228,3.67820990194574
8588,2025,-201.4,43.84902920818973,3.777569774523663
8589,2025,-190.4,43.84766634135202,3.876924056336823
8590,2025,-212.59999999999997,43.84621218771122,3.97627264417973
8591,2025,-224.1,43.8446673184178,4.075616049487418
8592,2025,-370.1,43.8430320399561,4.174954410924865
8593,2025,-345.1,43.84130613124663,4.274287237252245
8594,2025,-254.10000000000002,43.839489188638,4.373613834308633
8595,2025,-279.7,43.83758121412973,4.472933846782253
8596,2025,-252.5,43.83558227227297,4.57224706703052
8597,2025,-329.7,43.83349250552517,4.67155326403769
8598,2025,-303.7,43.8313121838027,4.77085236973224
8599,2025,-318.3,43.8290408339928,4.870143583944268
8600,2025,-317.0,43.82667822636015,4.9694259544812125
8601,2025,-303.2,43.82422495308045,5.068699973740225
8602,2025,-361.0,43.82168118267168,5.16796587719205
8603,2025,-371.7,43.81904657035275,5.267222804684297
8604,2025,-413.4,43.816321229512674,5.366469861094125
8605,2025,-346.4,43.8135053972679,5.46570661923013
8606,2025,-296.2,43.8105988374981,5.56493319148297
8607,2025,-290.59999999999997,43.80760134636375,5.664149747741835
8615,2025,-296.59999999999997,43.78035624308885,6.457476629226438
8616,2025,-287.9,43.7765430690733,6.55658664678738
8617,2025,-152.4,43.77263954890895,6.655683260519233
8671,2025,-266.3,43.78411238735105,3.081036225515205
8672,2025,-272.7,43.78338655301638,3.180291211498317
8673,2025,-252.6,43.782569740597175,3.27954315879762
8674,2025,-249.09999999999997,43.78166192986288,3.37879123087175
8675,2025,-171.20000000000002,43.78066355405422,3.4780358426707627
8676,2025,-423.7,43.779575209670526,3.577277959071388
8677,2025,-258.0,43.778396624325225,3.6765170618394176
8678,2025,-218.4,43.7771270194534,3.7757515981934575
8679,2025,-219.9,43.77576608013755,3.874980644301535
8680,2025,-227.6,43.7743140126077,3.9742041041793175
8681,2025,-192.9,43.77277126925288,4.07342223175175
8682,2025,-303.40000000000003,43.7711381618949,4.172635014771387
8683,2025,-323.6,43.7694145581941,4.27184214837764
8684,2025,-283.5,43.76760002505588,4.371043243884135
8685,2025,-287.2,43.7656944702261,4.470238013263048
8686,2025,-290.2,43.76369795831805,4.56942616503787
8687,2025,-314.2,43.7616107059043,4.66860726612301
8688,2025,-356.5,43.75943310953725,4.76778105093421
8689,2025,-321.7,43.75716489459207,4.866946972461857
8690,2025,-350.7,43.75480567255602,4.966104433976303
8691,2025,-305.3,43.75235569931458,5.065253495683978
8692,2025,-311.4,43.7498152994512,5.16439411265924
8693,2025,-320.9,43.74718423816282,5.263525858550907
8694,2025,-301.0,43.7444624298713,5.362648116354448
8695,2025,-281.1,43.74165011009885,5.461760369004227
8696,2025,-267.2,43.7387471946903,5.56086239278238
8697,2025,-324.6,43.7357535717449,5.659954120419095
8699,2025,-451.40000000000003,43.7294942834543,5.85810607500277
8702,2025,-435.5,43.719426704860574,6.155249405784383
8703,2025,-254.79999999999998,43.71588978761093,6.254273245293945
8704,2025,-252.9,43.71226240651245,6.353284592797145
8705,2025,-286.40000000000003,43.70854462638962,6.452283131600493
8706,2025,-299.0,43.70473652448568,6.55126858600454
8707,2025,-245.70000000000002,43.700838168805525,6.6502406912582925
8708,2025,-364.9,43.69684956302885,6.749199172869967
8761,2025,-47.79999999999998,43.71220460817098,3.08009820046894
8762,2025,-336.0,43.711479849274674,3.17922799442805
8763,2025,-370.5,43.71066429807703,3.2783550700854125
8764,2025,-404.0,43.7097577996816,3.3774783830835275
8765,2025,-364.2,43.7087606494731,3.476597947420725
8766,2025,-399.7,43.70767355686797,3.575714817870728
8767,2025,-288.20000000000005,43.7064963988563,3.6748286447577776
8768,2025,-240.6,43.705228435220974,3.7739379219951625
8769,2025,-193.20000000000002,43.7038694242545,3.873041913989783
8770,2025,-205.4,43.7024195042382,3.972140524868823
8771,2025,-172.1,43.70087890943572,4.07123373983335
8772,2025,-289.3,43.699247912965575,4.170321343002215
8773,2025,-282.3,43.69752648944885,4.269403155497917
8774,2025,-274.7,43.69571428463272,4.368479198093668
8775,2025,-343.5,43.693811172815,4.467549262352295
8776,2025,-300.7,43.6918172618545,4.566612758817578
8777,2025,-332.2,43.68973281073545,4.665669046723573
8778,2025,-296.2,43.68755804915003,4.7647177495548325
8779,2025,-318.2,43.6852927944688,4.863758575997762
8780,2025,-311.7,43.68293671593605,4.962791272292818
8781,2025,-316.0,43.68048985953105,5.06181569188072
8782,2025,-275.2,43.6779526939706,5.160831556538225
8783,2025,-335.4,43.67532519726195,5.259838514210992
8784,2025,-315.0,43.672607044399,5.358836160856267
8785,2025,-298.1,43.66979831175252,5.457824071015202
8786,2025,-303.2,43.66689908144735,5.5568017718187175
8787,2025,-353.4,43.66390935320408,5.6557689733081
8788,2025,-378.5,43.66082913674045,5.75472568764148
8789,2025,-429.5,43.657658499717925,5.853671805829465
8790,2025,-427.1,43.654397590756325,5.95260693102318
8791,2025,-457.1,43.65104631252193,6.051530524491922
8792,2025,-439.0,43.64760443849983,6.150442118192895
8793,2025,-367.2,43.644072085336674,6.249341508599447
8794,2025,-346.3,43.6404494501658,6.34822849891694
8795,2025,-344.3,43.63673659453303,6.447102751498427
8796,2025,-358.4,43.63293355232423,6.545963948609925
8797,2025,-397.5,43.62904034224332,6.644811830250955
8798,2025,-198.3,43.62505693224797,6.743646155911873
8845,2025,112.1,43.6422897251246,2.68312564896588
8847,2025,139.6,43.64147646195003,2.8811474778505626
8848,2025,54.39999999999996,43.64093387589263,2.98015585452064
8849,2025,-201.9,43.64030069075292,3.0791624838078
8850,2025,-425.1,43.63957701033945,3.178167364792915
8851,2025,-428.09999999999997,43.6387628332058,3.27717010599825
8852,2025,-430.1,43.637857817413526,3.3761693435015725
8853,2025,-292.9,43.6368619481179,3.4751643417985125
8854,2025,-374.8,43.63577594560593,3.574156067861737
8855,2025,-252.29999999999998,43.63459999995275,3.673144612031973
8856,2025,-177.1,43.63333357525502,3.772128756265493
8857,2025,-305.6,43.63197647434563,3.871107859593885
8858,2025,-344.59999999999997,43.63052874631882,3.97008181999927
8859,2025,-362.8,43.6289903710182,4.069050429035703
8860,2025,-383.3,43.62736150883425,4.168013287814015
8861,2025,-367.5,43.62564221996583,4.266970263849965
8862,2025,-392.0,43.62383230104442,4.365921696006498
8863,2025,-340.8,43.62193165541585,4.46486741451841
8864,2025,-336.3,43.61994039552355,4.56380655578902
8865,2025,-343.5,43.61785878100478,4.662738299020537
8866,2025,-356.8,43.61568687610563,4.761662268420135
8867,2025,-281.3,43.613424516731726,4.860578385832255
8868,2025,-259.5,43.61107152124545,4.959486569223745
8869,2025,-317.0,43.6086278970566,5.05838660502937
8870,2025,-261.7,43.6060940343632,5.157278110724255
8871,2025,-295.1,43.603469916553074,5.25616068219237
8872,2025,-290.40000000000003,43.600755251927126,5.355033896490697
8873,2025,-329.3,43.59795012265235,5.45389745755098
8874,2025,-399.7,43.595054640610925,5.552750981069693
8875,2025,-392.6,43.59206884550935,5.651594067633442
8876,2025,-440.3,43.5889927641164,5.75042664752561
8877,2025,-438.2,43.58582643693863,5.849248606085102
8878,2025,-456.4,43.58256991736108,5.948059594240788
8879,2025,-441.5,43.57922308133795,6.046859119171523
8880,2025,-411.5,43.5757857473812,6.145646682270833
8881,2025,-443.4,43.57225804280458,6.244422059888873
8882,2025,-451.0,43.56864018731463,6.343185084108835
8883,2025,-417.90000000000003,43.56493226277573,6.44193542032941
8884,2025,-429.7,43.56113429004547,6.5406726895158025
8885,2025,-428.7,43.55724621664208,6.63939664479438
8886,2025,-222.2,43.55326796231837,6.738107114748485
8887,2025,-233.7,43.5491995792658,6.83680382805183
8934,2025,95.7,43.57038700641415,2.682690761361935
8935,2025,110.89999999999998,43.5700262133064,2.7815778470435
8936,2025,-49.199999999999996,43.56957492590262,2.8804633966250326
8937,2025,-143.4,43.56903312209305,2.9793472492826223
8938,2025,-460.3,43.56840080094368,3.0782292571834
8939,2025,-468.3,43.567678102710126,3.1771095190915823
8940,2025,-488.9,43.5668651438725,3.27598797184083
8941,2025,-367.9,43.56596156507148,3.3748632524003974
8942,2025,-305.6,43.56496710659078,3.473734153847375
8943,2025,-374.0,43.56388224319698,3.5726011785645326
8944,2025,-224.79999999999998,43.5627073729943,3.671464649076453
8945,2025,-365.2,43.56144242987775,3.770323905832285
8946,2025,-365.2,43.56008731839613,3.86917841545906
8947,2025,-331.3,43.5586418902951,3.96802791694663
8948,2025,-374.0,43.557105919705776,4.0668720917562
8949,2025,-311.7,43.5554792901833,4.165710649025723
8950,2025,-405.5,43.55376205744248,4.264543496577782
8951,2025,-381.5,43.55195433449197,4.363370824675
8952,2025,-356.1,43.55005614601728,4.462192409624863
8953,2025,-377.40000000000003,43.54806757323115,4.561007382697232
8954,2025,-341.0,43.54598877777762,4.659814876975963
8955,2025,-354.5,43.5438196729159,4.75861452727065
8956,2025,-256.9,43.54156012627625,4.857406345550045
8957,2025,-258.8,43.53921018188132,4.956190305845692
8958,2025,-305.1,43.53676993002782,5.054966213370205
8959,2025,-217.5,43.53423945737028,5.153733701710893
8960,2025,-254.9,43.53161855338635,5.25249229603634
8961,2025,-300.2,43.52890721999872,5.351241279072007
8962,2025,-284.5,43.52610570088852,5.449980479997983
8963,2025,-305.0,43.52321401418155,5.548710007106745
8964,2025,-316.1,43.52023217676408,5.647429417212702
8965,2025,-440.1,43.51716022260915,5.74613831586886
8966,2025,-438.2,43.51399815866063,5.844836450388335
8967,2025,-451.9,43.51074595386338,5.943523520247905
8968,2025,-454.6,43.507403506915374,6.042199176861165
8969,2025,-347.2,43.5039707355446,6.140863024310198
8970,2025,-422.09999999999997,43.50044774157608,6.239514780429732
8971,2025,-416.1,43.4968347010112,6.338154224217555
8972,2025,-397.5,43.49313171885495,6.436781021713062
8973,2025,-379.0,43.4893388359913,6.535394710948783
8974,2025,-380.7,43.485455908011325,6.6339950907716725
8975,2025,-375.0,43.481482806349376,6.73258208112887
8976,2025,-310.0,43.47741967459022,6.831155378897715
9022,2025,-12.400000000000002,43.49848839337358,2.68225691527792
9023,2025,-139.7,43.498128087034175,2.781019670475325
9024,2025,-127.7,43.49767746498642,2.879780966572928
9025,2025,-436.6,43.49713649148795,2.978540695299085
9026,2025,-416.5,43.49650503684408,3.077298560416573
9027,2025,-286.4,43.49578319403842,3.17605451452108
9028,2025,-298.2,43.49497119342792,3.27480855966162
9029,2025,-284.9,43.494068876362526,3.373559715313195
9030,2025,-306.5,43.4930759237693,3.4723068176060723
9031,2025,-352.7,43.491992417553725,3.5710497352134176
9032,2025,-361.90000000000003,43.49081874867812,3.6697886483076014
9033,2025,-355.90000000000003,43.489555327749976,3.768523427003365
9034,2025,-332.6,43.4882021965588,3.8672537040608126
9035,2025,-306.6,43.48360107305615,4.163413717172173
9036,2025,-271.7,43.48188598050682,4.262122931436565
9037,2025,-334.8,43.4800804984514,4.360826514343403
9038,2025,-331.8,43.47818478936843,4.459524129649043
9039,2025,-270.6,43.47619891381053,4.558215097763233
9040,2025,-330.6,43.47412289116667,4.65689866102651
9041,2025,-328.40000000000003,43.471956520556176,4.7555744258540775
9042,2025,-265.1,43.46969974605395,4.854242357574687
9043,2025,-240.60000000000002,43.46735281738837,4.952902427545855
9044,2025,-275.7,43.464915875870375,5.051554477013585
9045,2025,-177.60000000000002,43.46238871964992,5.150198238584047
9046,2025,-180.5,43.459771003317,5.248833330998835
9047,2025,-216.0,43.457063040185226,5.34745837313801
9048,2025,-287.5,43.4542651915623,5.446073274895007
9049,2025,-319.6,43.4513773411852,5.544679060228405
9050,2025,-333.0,43.44839947521745,5.643275147814515
9051,2025,-281.7,43.44533162750027,5.741860712411462
9052,2025,-270.6,43.4421737767293,5.840435334261545
9053,2025,-428.8,43.43892585515343,5.938998759538703
9054,2025,-349.5,43.43558780194125,6.037550814547307
9055,2025,-443.9,43.43215959830288,6.136091224565435
9056,2025,-444.3,43.42864131592525,6.23461965432411
9057,2025,-434.5,43.425033093185,6.33313584087095
9058,2025,-373.8,43.4213350486728,6.431639444403133
9059,2025,-429.8,43.41754724075243,6.530129936953848
9060,2025,-432.2,43.4136694565744,6.628607147591538
9061,2025,-250.2,43.40970154451023,6.727071038697635
9062,2025,-205.3,43.40564369516205,6.825521248134795
9104,2025,-301.5,43.42713182896008,2.28725997000736
9106,2025,-285.4,43.42704292720023,2.48454295757605
9108,2025,-79.69999999999999,43.4265939767153,2.681824049779177
9109,2025,-433.4,43.42623409859937,2.78046275870093
9110,2025,-436.9,43.4257841396014,2.8791001087174224
9111,2025,-361.3,43.42524400822882,2.9777360573523826
9112,2025,-325.6,43.42461340985035,3.076370170990697
9113,2025,-302.90000000000003,43.42389236717108,3.1750021779799127
9114,2025,-296.8,43.42308124262178,3.27363206308894
9115,2025,-321.0,43.42218011501045,3.37225922211145
9116,2025,-344.4,43.4211886598549,3.4708826634308325
9117,2025,-333.7,43.42010667171535,3.569501854669895
9118,2025,-307.0,43.4189344812383,3.668116787578103
9119,2025,-300.8,43.4176726691903,3.76672754803958
9121,2025,-326.0,43.40226106500475,4.6539896415281525
9122,2025,-306.7,43.40009743301462,4.752541882830347
9123,2025,-213.2,43.39784348923477,4.85108630363045
9124,2025,-185.9,43.39549955808085,4.949622841949975
9125,2025,-210.3,43.393065737974375,5.048151344241792
9126,2025,-243.5,43.3905417562014,5.14667161808817
9127,2025,-221.79999999999998,43.38792734223387,5.24518348005594
9128,2025,-177.60000000000002,43.38522290520498,5.343685109531037
9129,2025,-225.20000000000002,43.382428772317375,5.442176298773077
9130,2025,-340.6,43.37954477581835,5.54065862947232
9131,2025,-367.2,43.37657089079087,5.639131513105317
9132,2025,-303.4,43.373507115734526,5.73759392177097
9133,2025,-296.09999999999997,43.370353423195525,5.836045304517907
9134,2025,-304.3,43.36710978607288,5.934485404163867
9135,2025,-279.4,43.36377616572923,6.032914133913647
9136,2025,-305.7,43.36035253364768,6.131331317513142
9137,2025,-308.7,43.3568389316365,6.229736643388662
9138,2025,-242.70000000000002,43.3532354972636,6.32812984796675
9139,2025,-224.6,43.34954236316398,6.4265105913903975
9140,2025,-249.1,43.34575955596645,6.52487835725729
9141,2025,-310.6,43.341886878843525,6.623232850777405
9179,2025,-396.0,43.35388483451233,1.7947389151576325
9180,2025,-367.3,43.3543365473197,1.8932536187484572
9181,2025,-378.7,43.3546978003321,1.991769896425325
9182,2025,-379.4,43.35496887111195,2.0902872423412373
9183,2025,-338.7,43.35514988195053,2.18880514768036
9184,2025,-323.1,43.355240733596375,2.287323150074695
9185,2025,-371.6,43.35524146272485,2.3858409878786326
9186,2025,-353.2,43.3551523118021,2.48435861955705
9187,2025,-404.5,43.35497320095985,2.582875805810475
9188,2025,-397.6,43.35470382101025,2.6813920484585974
9189,2025,-359.8,43.35434435930362,2.7799070418703025
9190,2025,-331.4,43.35389505148048,2.878420744976825
9191,2025,-313.5,43.3533556754755,2.976933100052455
9192,2025,-313.6,43.35272589447325,3.075443761793073
9193,2025,-288.0,43.35200568024995,3.173952270564795
9194,2025,-290.3,43.351195436289125,3.2724584074833425
9195,2025,-298.6,43.3502954497622,3.3709618090034525
9196,2025,-335.5,43.34930544562202,3.469461731066595
9197,2025,-342.1,43.34822508938595,3.567957529930565
9202,2025,-358.7,43.32599142175872,4.847938124930385
9203,2025,-231.39999999999998,43.32121973144615,5.044756776642847
9204,2025,-237.0,43.31869890258697,5.143153818274532
9207,2025,-145.7,43.3105965905175,5.438289579726717
9208,2025,-276.5,43.30771642673162,5.536648786892592
9209,2025,-331.1,43.30474650180157,5.634998550044003
9210,2025,-252.10000000000002,43.30168676656437,5.733337957415375
9211,2025,-324.0,43.2985372126555,5.831666374693983
9212,2025,-283.0,43.2952978901782,5.929983481214805
9213,2025,-318.9,43.2919687607449,6.02828916876424
9214,2025,-262.40000000000003,43.28854972813925,6.1265833352985
9215,2025,-307.2,43.28504077739905,6.224865766857675
9216,2025,-293.40000000000003,43.28144207665417,6.3231362429494
9217,2025,-272.8,43.27775380075195,6.421394442715752
9218,2025,-396.0,43.2739759283014,6.519639877083175
9255,2025,-406.5,43.2814585104006,1.69702923117202
9256,2025,-364.3,43.28199994087142,1.7954188162117677
9257,2025,-356.59999999999997,43.28245115304215,1.8938103815536724
9258,2025,-362.5,43.282812035735525,1.99220342284038
9259,2025,-363.8,43.28308278489372,2.0905974055316223
9260,2025,-382.4,43.28326352669605,2.1889918481421127
9261,2025,-362.9,43.28335427874477,2.2873863525423523
9262,2025,-362.5,43.28335511382558,2.385780666860645
9263,2025,-338.1,43.28326604051805,2.4841746443936223
9264,2025,-334.4,43.2830868863977,2.582568085507717
9265,2025,-329.3,43.28281778747542,2.68096086717291
9266,2025,-339.2,43.28245901043985,2.7793526913349877
9267,2025,-309.1,43.28201041801605,2.877743122218697
9268,2025,-301.4,43.28147172745322,2.9761320654244026
9269,2025,-287.9,43.2808427258432,3.0745194382213623
9270,2025,-302.2,43.28012340055555,3.1729047587890875
9271,2025,-298.7,43.2793141066111,3.271287569678797
9272,2025,-304.0,43.27841522551692,3.3696675585973126
9273,2025,-273.8,43.277426577351726,3.4680441828944124
9276,2025,-246.0,43.2387687641316,5.43441263636332
9277,2025,-290.3,43.23589237950315,5.532649173585527
9278,2025,-347.3,43.23292635149565,5.6308760909127225
9279,2025,-246.99999999999997,43.22987063017215,5.729092737173778
9280,2025,-282.3,43.2267252384126,5.827298477082662
9281,2025,-330.5,43.223490267107074,5.925492895653995
9282,2025,-287.7,43.22016567472825,6.02367583609849
9283,2025,-290.7,43.21675128614908,6.1218472644659725
9284,2025,-274.4,43.21324700088592,6.220007079142928
9285,2025,-278.0,43.2096530021582,6.318155112014165
9286,2025,-289.4,43.2059695259379,6.41629104697979
9287,2025,-351.3,43.20219655257158,6.514414369147213
9288,2025,-343.90000000000003,43.1983339735698,6.61252445724929
9323,2025,-371.3,43.21011948135757,1.796097103322935
9324,2025,-368.3,43.21057014351997,1.894365773197048
9325,2025,-347.6,43.2109306553497,1.99263583665052
9326,2025,-351.2,43.21120116090985,2.0909067633624727
9327,2025,-344.1,43.21138175327255,2.1891780966761574
9328,2025,-324.1,43.21147245325595,2.287449450423755
9329,2025,-325.9,43.21147323399125,2.38572048983939
9330,2025,-323.1,43.21138393995675,2.4839909802807125
9331,2025,-327.7,43.211204669097,2.582260979044705
9332,2025,-320.9,43.2109361086748,2.680530821863475
9333,2025,-307.2,43.21057824603695,2.7787999794138827
9334,2025,-307.0,43.2101304341604,2.87706751552488
9335,2025,-308.1,43.209592452333474,2.9753333368487374
9336,2025,-312.3,43.20896422807945,3.07359756512293
9337,2025,-336.9,43.2082458114769,3.1718598404091427
9342,2025,-277.3,43.15805886633495,5.724858174784387
9343,2025,-303.4,43.154917650055,5.822941534508067
9344,2025,-232.8,43.15168705121488,5.921013557607043
9345,2025,-228.9,43.1483670162164,6.019074059820007
9346,2025,-270.7,43.14495730916372,6.11712307250542
9347,2025,-265.9,43.1414577400329,6.21516060150147
9348,2025,-349.3,43.1378684435534,6.313186502059603
9349,2025,-370.4,43.13418969846255,6.411200410123818
9389,2025,-377.4,43.13869369183565,1.8949197040022
9390,2025,-332.8,43.13905382128998,1.993067032276765
9391,2025,-337.7,43.139324125190825,2.091215220770048
9392,2025,-373.2,43.13950463536357,2.1893638067423
9393,2025,-351.4,43.13959531997935,2.287512387267225
9394,2025,-392.7,43.13959605718002,2.3856605617815023
9395,2025,-383.7,43.1395066915827,2.483808087505217
9396,2025,-370.4,43.13932756108313,2.5819552058047224
9397,2025,-326.0,43.1390594859786,2.6801023917480173
9398,2025,-313.7,43.1387022947981,2.77824901481238
9399,2025,-360.9,43.138255189784,2.87639390168801
9400,2025,-323.5,43.1377179347417,2.9745368655565323
9401,2025,-323.7,43.13709050368963,3.0726781587123777
9403,2025,-253.9,43.08311462685253,5.818595373385705
9405,2025,-174.3,43.07657285958475,6.014483759260215
9406,2025,-211.4,43.073167809477,6.112410746238025
9446,2025,-416.90000000000003,43.0671816622107,1.9934968935678172
9447,2025,-359.6,43.06745177335125,2.09152268956494
9448,2025,-299.2,43.067632220228575,2.1895489202139524
9449,2025,-383.7,43.0677229390339,2.287575156964317
9450,2025,-427.0,43.06772378712085,2.3856009867570678
9451,2025,-414.2,43.067634660974,2.483626163509748
9452,2025,-378.5,43.0674559192407,2.58165091207226
9453,2025,-338.4,43.06718817161868,2.67967559710084
9454,2025,-389.1,43.06683130015905,2.77769969718447
9455,2025,-376.8,43.06638473254745,2.875722100460368
9456,2025,-308.4,43.065848204504,2.97374249432024
9457,2025,-276.6,43.06522159979525,3.071761177231705
9494,2025,-422.4,42.99531424643095,1.99392546153776
9495,2025,-416.2,42.99558415351572,2.0918292154913374
9496,2025,-406.4,42.99576452864205,2.1897334651968925
9497,2025,-437.9,42.99585531177318,2.2876377540198525
9498,2025,-400.0,42.9958563843504,2.3855416789232677
9499,2025,-490.5,42.99576763793257,2.48344493937925
9500,2025,-500.3,42.99558932386987,2.581347630062315
9501,2025,-493.3,42.99532184805072,2.67925000871244
9502,2025,-399.9,42.99496517201688,2.777151727593975
9503,2025,-370.3,42.99451900560765,2.8750518738697823
9504,2025,-325.4,42.99398315735318,2.972950077836865
9536,2025,-407.0,42.92345164661853,1.9943528854296324
9537,2025,-417.5,42.9237213431792,2.09213491996841
9538,2025,-413.6,42.9239016385052,2.189917504437625
9539,2025,-446.6,42.92399246664308,2.28770015055218
9540,2025,-432.90000000000003,42.92399373541785,2.385482465298335
9541,2025,-490.9,42.92390533853502,2.483264102423315
9542,2025,-512.8,42.92372742975155,2.5810450243856327
9543,2025,-511.3,42.92346026247048,2.6788253874131773
9544,2025,-427.7,42.92310382223995,2.776604990457905
9545,2025,-395.40000000000003,42.92265802329653,2.8743831940832023
9546,2025,-314.5,42.92212279404505,2.9721596228199423
9580,2025,-336.8,42.85159399727505,1.994779314632335
9581,2025,-344.2,42.85186349031692,2.0924399229448025
9582,2025,-406.3,42.85204367406975,2.1901010893604127
9583,2025,-384.0,42.85213445891468,2.287762314199265
9584,2025,-478.4,42.85213579789645,2.3854232259624126
9585,2025,-508.0,42.8520476562771,2.4830834969053623
9586,2025,-495.9,42.85187013058317,2.580742997594615
9587,2025,-465.1,42.851603339865925,2.67840174207948
9588,2025,-466.9,42.85124726452965,2.776059586619365
9589,2025,-421.2,42.8508019132178,2.8737161531021
9590,2025,-450.1,42.85026730611642,2.971371134146795
9622,2025,-231.9,42.77974151326693,1.9952050933018024
9623,2025,-302.70000000000005,42.78001080017732,2.0927444123809
9624,2025,-317.6,42.78019080965103,2.190284310327113
9625,2025,-319.6,42.78028144091048,2.28782428450048
9626,2025,-439.8,42.78028271410195,2.38536398073989
9627,2025,-455.4,42.78019471933892,2.4829031282705425
9628,2025,-403.2,42.78001754727357,2.5804415475978826
9629,2025,-380.1,42.77975119443658,2.6779790923767326
9630,2025,-437.8,42.77939562441915,2.775515590024835
9631,2025,-363.2,42.7789508617814,2.8730508351782924
9632,2025,-395.2,42.77841692919735,2.9705846333059776
9666,2025,-191.0,42.70834320230688,2.19046720622954
9667,2025,-254.6,42.708433630912175,2.2878861450008574
9668,2025,-372.0,42.7084348095759,2.385304880428
9669,2025,-396.09999999999997,42.70834691985433,2.48272316786106
9670,2025,-409.0,42.70817005914375,2.580140783654955
9671,2025,-402.6,42.70790414145625,2.677557462767488
9672,2025,-409.6,42.7075491195033,2.7749729853878824
9673,2025,-323.3,42.707105015458026,2.8723872412170723
9674,2025,-408.8,42.706571791986974,2.96980014054591
9696,2025,110.1,42.63605279476732,1.996054552622605
9697,2025,-326.40000000000003,42.63632149708015,2.09335183079874
9698,2025,-12.5,42.63650095974757,2.190649763975057
9699,2025,-458.8,42.63659117872825,2.2879479261588878
9700,2025,-435.7,42.63659229965453,2.385245986938997
9701,2025,-452.8,42.636504524135525,2.482543692600057
9702,2025,-485.7,42.63632792328445,2.579840768992495
9703,2025,-466.7,42.63606238348073,2.677136877344435
9704,2025,-417.0,42.6357078883206,2.77443175950092
9705,2025,-403.09999999999997,42.63526444554855,2.871725355414348
9706,2025,-420.0,42.6347319368774,2.96901766525255
9720,2025,1.400000000000004,42.56287931843308,1.7049540378043424
9721,2025,-133.1,42.5634136785276,1.8021272265607475
9722,2025,-72.5,42.56385952134565,1.899301889731455
9723,2025,-147.7,42.564216778535126,1.996477767096525
9724,2025,-326.5,42.564485065089976,2.09365456033435
9725,2025,-449.7,42.5646641765889,2.19083195612305
9726,2025,-470.6,42.56475420630695,2.288009644470085
9727,2025,-453.1,42.5647553293284,2.3851873307028777
9728,2025,-444.1,42.56466770284288,2.482364733234128
9729,2025,-414.29999999999995,42.5644913469488,2.579541528534765
9730,2025,-506.1,42.56422614289672,2.676717343070515
9731,2025,-385.9,42.56387209785048,2.77389191900049
9732,2025,-405.4,42.563429220029526,2.871065223284765
9733,2025,-422.4,42.56289735282598,2.9682373159298074
9748,2025,73.0,42.49105013379717,1.70573570841236
9749,2025,-161.3,42.491584004707775,1.80278904158315
9750,2025,-312.4,42.49202941240012,1.89984382793478
9751,2025,-380.4,42.49238621188363,1.9968997413244625
9752,2025,-398.0,42.49265406775175,2.0939564500313224
9753,2025,-387.3,42.49283286721455,2.1910136961340023
9754,2025,-382.8,42.49292276219118,2.288071258207188
9755,2025,-421.5,42.49292392389778,2.385128876407077
9756,2025,186.79999999999995,42.49283645476065,2.482186251892135
9757,2025,-241.90000000000003,42.4926603390732,2.579243036669795
9758,2025,-411.6,42.49239546279983,2.676298858439375
9759,2025,-461.3,42.49204181936985,2.77335348635178
9760,2025,-487.3,42.491599422846974,2.87040688664431
9761,2025,-435.0,42.4910681462989,2.967459110797995
9762,2025,-382.4,42.4904479132139,3.06451001098024
9777,2025,-401.2,42.420561022722026,1.997320466064825
9778,2025,-218.2,42.4208284842281,2.0942574420862274
9779,2025,-193.9,42.42100706460037,2.1911949244479527
9781,2025,47.00000000000003,42.42109809892805,2.385070575415665
9782,2025,-204.0,42.4210107631916,2.482008206420895
9783,2025,-314.8,42.4208348575346,2.5789452691564225
9784,2025,-287.3,42.42057030190978,2.6758814270362725
9785,2025,-342.1,42.4202170742755,2.7728164672730924
9800,2025,-357.3,42.3487413722965,1.99773996495737
9803,2025,-238.8,42.34919071458975,2.4818306042384077
9804,2025,-270.7,42.34901500856858,2.578648254744615
9805,2025,-356.7,42.3487507688812,2.67546507649635
